{
  "project_info": {
    "project_number": "84229386300",
    "project_id": "chat-box-a0ec6",
    "storage_bucket": "chat-box-a0ec6.appspot.com"
  },
  "client": [
    {
      "client_info": {
        "mobilesdk_app_id": "1:84229386300:android:72659670348c8a3ae85339",
        "android_client_info": {
          "package_name": "com.example.sample"
        }
      },
      "oauth_client": [
        {
          "client_id": "84229386300-5gudektvtgi6f54v2oalq3oo1ukgd2fa.apps.googleusercontent.com",
          "client_type": 3
        }
      ],
      "api_key": [
        {
          "current_key": "AIzaSyDeZa3DL3y0y91KjrvKSirwuUyEAsH1o58"
        }
      ],
      "services": {
        "appinvite_service": {
          "other_platform_oauth_client": [
            {
              "client_id": "84229386300-5gudektvtgi6f54v2oalq3oo1ukgd2fa.apps.googleusercontent.com",
              "client_type": 3
            }
          ]
        }
      }
    }
  ],
  "configuration_version": "1"
}